Activity Type,Date,Favorite,Title,Distance,Calories,Time,Avg HR,Max HR,Aerobic TE,Avg Bike Cadence,Max Bike Cadence,Avg Speed,Max Speed,Total Ascent,Total Descent,Avg Stride Length,Avg Vertical Ratio,Avg Vertical Oscillation,Avg Ground Contact Time,Training Stress ScoreÂ®,Avg Power,Max Power,Grit,Flow,Total Strokes,Avg. Swolf,Avg Stroke Rate,Total Reps,Total Poses,Dive Time,Min Temp,Surface Interval,Decompression,Best Lap Time,Number of Laps,Max Temp,Avg Resp,Min Resp,Max Resp,Stress Change,Stress Start,Stress End,Avg Stress,Max Stress,Moving Time,Elapsed Time,Min Elevation,Max Elevation
Yoga,2023-08-07 13:39:47,false,"Yoga","--","2","00:00:32.1","93","96","0.0","--","--","--","--","--","--","0.00","0.0","0.0","0","0.0","0","0","0.0","0.0","--","0","0","--","1","0:00","86.0","0:00","No","00:32.09","1","86.0","12","12","14","-6","90","84","87","90","00:00:32.1","00:00:32.1","--","--"
Indoor Rowing,2023-08-07 08:47:12,false,"Indoor Rowing","--","1,037","01:25:20","150","163","3.1","--","--","--","--","--","--","0.00","0.0","0.0","0","0.0","0","0","0.0","0.0","1885","0","0","0","--","0:00","80.6","0:00","No","01:25:19.98","1","84.2","30","16","49","--","--","--","--","--","00:00:00","01:25:20","--","--"
Yoga,2023-08-06 11:40:43,false,"Yoga","--","2","00:12:26","72","74","0.0","--","--","--","--","--","--","0.00","0.0","0.0","0","0.0","0","0","0.0","0.0","--","0","0","--","1","0:00","82.4","0:00","No","12:25.100","1","86.0","16","12","19","--","--","--","--","--","00:12:26","00:12:26","--","--"
Indoor Rowing,2023-08-06 10:55:35,false,"Indoor Rowing","--","591","00:44:09","149","163","2.8","--","--","--","--","--","--","0.00","0.0","0.0","0","0.0","0","0","0.0","0.0","883","0","0","0","--","0:00","80.6","0:00","No","44:08.85","1","84.2","33","17","43","--","--","--","--","--","00:00:00","00:44:09","--","--"
Indoor Rowing,2023-08-05 09:16:03,false,"Indoor Rowing","--","688","01:04:06","150","188","3.1","--","--","--","--","--","--","0.00","0.0","0.0","0","0.0","0","0","0.0","0.0","1081","0","0","0","--","0:00","80.6","0:00","No","01:04:06.28","1","84.2","30","14","39","--","--","--","--","--","00:00:00","01:04:06","--","--"
Indoor Rowing,2023-08-04 08:26:12,false,"Indoor Rowing","--","822","01:06:39","149","165","2.9","--","--","--","--","--","--","0.00","0.0","0.0","0","0.0","0","0","0.0","0.0","1426","0","0","0","--","0:00","80.6","0:00","No","01:06:39.20","1","84.2","28","16","39","--","--","--","--","--","00:00:00","01:06:39","--","--"
Indoor Cycling,2023-08-03 12:43:12,false,"Indoor Cycling","0.00","386","00:27:23","148","171","2.6","--","--","--","--","--","--","0.00","0.0","0.0","0","0.0","0","0","0.0","0.0","--","0","0","0","--","0:00","86.0","0:00","No","27:22.69","1","89.6","33","12","42","--","--","--","--","--","00:00:00","00:27:23","--","--"
Indoor Cycling,2023-08-03 08:15:06,false,"Indoor Cycling","0.00","1,448","02:22:54","136","165","3.0","--","--","--","--","--","--","0.00","0.0","0.0","0","0.0","0","0","0.0","0.0","--","0","0","0","--","0:00","75.2","0:00","No","02:22:54.43","1","95.0","29","14","40","--","--","--","--","--","00:00:00","03:19:52","--","--"
Yoga,2023-08-02 14:49:31,false,"Yoga","--","--","00:00:04.2","83","83","0.0","--","--","--","--","--","--","0.00","0.0","0.0","0","0.0","0","0","0.0","0.0","--","0","0","--","1","0:00","87.8","0:00","No","00:04.20","1","87.8","--","--","--","--","--","--","--","--","00:00:04.2","00:00:04.2","--","--"
Strength Training,2023-08-02 14:11:05,false,"Strength","0.00","169","00:38:07","92","109","0.1","--","--","--","--","--","--","0.00","0.0","0.0","0","0.0","0","0","0.0","0.0","--","0","0","6","1","0:00","80.6","0:00","No","38:07.02","1","87.8","--","--","--","--","--","--","--","--","00:38:07","00:38:07","--","--"
Running,2023-08-02 07:46:05,false,"Groton Running","5.01","710","00:40:55","180","190","4.1","157","170","8:10","6:50","119","115","1.26","0.0","0.0","0","0.0","0","0","0.0","0.0","--","0","0","0","--","0:00","77.0","0:00","No","00:02.80","6","84.2","38","24","47","--","--","--","--","--","00:40:47","00:41:15","8","43"
Indoor Rowing,2023-08-01 08:20:16,false,"Indoor Rowing","--","881","01:06:00","159","183","3.5","--","--","--","--","--","--","0.00","0.0","0.0","0","0.0","0","0","0.0","0.0","1272","0","0","0","--","0:00","80.6","0:00","No","01:06:00.34","1","84.2","31","14","45","--","--","--","--","--","00:00:00","01:06:00","--","--"
Yoga,2023-07-31 14:31:54,false,"Yoga","--","20","00:06:53.8","83","99","0.0","--","--","--","--","--","--","0.00","0.0","0.0","0","0.0","0","0","0.0","0.0","--","0","0","--","1","0:00","80.6","0:00","No","06:53.81","1","82.4","18","12","21","-11","90","79","67","90","00:06:53.8","00:06:53.8","--","--"
Strength Training,2023-07-31 13:59:46,false,"Strength","0.00","149","00:31:44","93","125","0.2","--","--","--","--","--","--","0.00","0.0","0.0","0","0.0","0","0","0.0","0.0","--","0","0","13","1","0:00","80.6","0:00","No","31:43.98","1","87.8","--","--","--","--","--","--","--","--","00:31:44","00:31:44","--","--"
Indoor Rowing,2023-07-31 08:14:44,false,"Indoor Rowing","--","1,032","01:26:26","149","162","3.1","--","--","--","--","--","--","0.00","0.0","0.0","0","0.0","0","0","0.0","0.0","1881","0","0","0","--","0:00","80.6","0:00","No","01:26:26.40","1","84.2","29","17","38","--","--","--","--","--","00:00:00","01:26:26","--","--"
Indoor Rowing,2023-07-30 10:23:08,false,"Indoor Rowing","--","570","00:41:22","151","160","2.9","--","--","--","--","--","--","0.00","0.0","0.0","0","0.0","0","0","0.0","0.0","862","0","0","0","--","0:00","80.6","0:00","No","41:21.77","1","84.2","32","14","40","--","--","--","--","--","00:00:00","00:42:33","--","--"
Indoor Rowing,2023-07-29 10:28:11,false,"Indoor Rowing","--","721","00:59:14","155","191","3.2","--","--","--","--","--","--","0.00","0.0","0.0","0","0.0","0","0","0.0","0.0","1114","0","0","0","--","0:00","82.4","0:00","No","59:13.52","1","87.8","31","12","42","--","--","--","--","--","00:00:00","01:12:52","--","--"
Yoga,2023-07-28 11:55:08,false,"Yoga","--","3","00:07:25.2","73","77","0.0","--","--","--","--","--","--","0.00","0.0","0.0","0","0.0","0","0","0.0","0.0","--","0","0","--","1","0:00","82.4","0:00","No","07:25.21","1","84.2","14","12","18","0","19","19","19","19","00:07:25.2","00:07:25.2","--","--"
Strength Training,2023-07-28 11:24:56,false,"Strength","0.00","4","00:29:54","77","110","0.0","--","--","--","--","--","--","0.00","0.0","0.0","0","0.0","0","0","0.0","0.0","--","0","0","10","1","0:00","82.4","0:00","No","29:54.34","1","84.2","21","21","21","--","--","--","--","--","00:29:54","00:29:59","--","--"
Running,2023-07-28 10:41:31,false,"Stonington Running","2.22","317","00:20:10","167","180","2.8","155","180","9:04","7:36","56","53","1.15","0.0","0.0","0","0.0","0","0","0.0","0.0","--","0","0","0","--","0:00","87.8","0:00","No","01:53.27","3","93.2","35","20","40","--","--","--","--","--","00:20:09","00:20:26","31","55"
Indoor Cycling,2023-07-27 07:29:39,false,"Indoor Cycling","0.00","1,627","02:23:34","144","172","3.4","--","--","--","--","--","--","0.00","0.0","0.0","0","0.0","0","0","0.0","0.0","--","0","0","0","--","0:00","78.8","0:00","No","02:23:33.57","1","84.2","32","20","40","--","--","--","--","--","00:00:00","02:36:40","--","--"
Strength Training,2023-07-26 13:43:16,false,"Strength","0.00","131","00:25:01","98","115","0.2","--","--","--","--","--","--","0.00","0.0","0.0","0","0.0","0","0","0.0","0.0","--","0","0","9","1","0:00","80.6","0:00","No","25:01.34","1","82.4","--","--","--","--","--","--","--","--","00:25:01","00:25:01","--","--"
Running,2023-07-26 08:24:42,false,"Stonington Running","5.26","762","00:54:14","162","174","3.1","152","159","10:19","7:40","205","221","1.02","0.0","0.0","0","0.0","0","0","0.0","0.0","--","0","0","0","--","0:00","77.0","0:00","No","02:57.70","6","87.8","35","19","48","--","--","--","--","--","00:54:01","00:56:59","16","108"
Indoor Rowing,2023-07-25 11:05:10,false,"Indoor Rowing","--","1,248","01:41:45","154","195","3.8","--","--","--","--","--","--","0.00","0.0","0.0","0","0.0","0","0","0.0","0.0","1849","0","0","0","--","0:00","84.2","0:00","No","01:41:44.92","1","87.8","31","16","47","--","--","--","--","--","00:00:00","01:41:45","--","--"
Yoga,2023-07-24 15:29:23,false,"Yoga","--","--","00:00:03.7","78","79","0.0","--","--","--","--","--","--","0.00","0.0","0.0","0","0.0","0","0","0.0","0.0","--","0","0","--","1","0:00","82.4","0:00","No","00:03.65","1","82.4","--","--","--","--","--","--","--","--","00:00:03.7","00:00:03.7","--","--"
Strength Training,2023-07-24 14:42:46,false,"Strength","0.00","258","00:46:18","103","127","0.3","--","--","--","--","--","--","0.00","0.0","0.0","0","0.0","0","0","0.0","0.0","--","0","0","12","1","0:00","80.6","0:00","No","46:18.15","1","87.8","--","--","--","--","--","--","--","--","00:46:18","00:46:18","--","--"
Indoor Rowing,2023-07-24 08:10:08,false,"Indoor Rowing","--","1,057","01:24:50","153","169","3.2","--","--","--","--","--","--","0.00","0.0","0.0","0","0.0","0","0","0.0","0.0","1909","0","0","0","--","0:00","80.6","0:00","No","01:24:49.82","1","86.0","28","19","40","--","--","--","--","--","00:00:00","01:24:50","--","--"
Indoor Rowing,2023-07-22 08:38:10,false,"Indoor Rowing","--","464","00:37:41","153","187","2.8","--","--","--","--","--","--","0.00","0.0","0.0","0","0.0","0","0","0.0","0.0","725","0","0","0","--","0:00","80.6","0:00","No","37:40.82","1","86.0","31","19","41","--","--","--","--","--","00:00:00","00:37:41","--","--"
Running,2023-07-21 09:44:39,false,"Stonington Running","4.01","573","00:39:07","161","177","3.0","153","163","9:46","7:30","192","208","1.08","0.0","0.0","0","0.0","0","0","0.0","0.0","--","0","0","0","--","0:00","80.6","0:00","No","00:02.32","5","86.0","34","17","43","--","--","--","--","--","00:39:02","00:40:34","27","108"
Indoor Cycling,2023-07-20 07:38:55,false,"Indoor Cycling","0.00","1,579","02:15:33","145","172","3.4","--","--","--","--","--","--","0.00","0.0","0.0","0","0.0","0","0","0.0","0.0","--","0","0","0","--","0:00","77.0","0:00","No","02:15:32.85","1","87.8","32","19","42","--","--","--","--","--","00:00:00","02:30:58","--","--"
Yoga,2023-07-19 14:47:20,false,"Yoga","--","23","00:04:03.1","103","109","0.0","--","--","--","--","--","--","0.00","0.0","0.0","0","0.0","0","0","0.0","0.0","--","0","0","--","1","0:00","87.8","0:00","No","04:03.09","1","89.6","14","12","15","-5","96","91","94","96","00:04:03.1","00:04:03.1","--","--"
Strength Training,2023-07-19 13:55:41,false,"Strength","0.00","296","00:50:57","105","138","0.4","--","--","--","--","--","--","0.00","0.0","0.0","0","0.0","0","0","0.0","0.0","--","0","0","5","1","0:00","78.8","0:00","No","50:56.69","1","89.6","--","--","--","--","--","--","--","--","00:50:57","00:50:57","--","--"
Running,2023-07-19 07:53:27,false,"Stonington Running","5.82","874","01:00:02","163","175","3.3","151","163","10:19","7:55","243","234","1.03","0.0","0.0","0","0.0","0","0","0.0","0.0","--","0","0","0","--","0:00","78.8","0:00","No","08:52.81","6","84.2","35","19","51","--","--","--","--","--","00:59:57","01:00:32","90","174"
Yoga,2023-07-18 09:41:53,false,"Yoga","--","2","00:02:19.4","72","72","0.0","--","--","--","--","--","--","0.00","0.0","0.0","0","0.0","0","0","0.0","0.0","--","0","0","--","1","0:00","84.2","0:00","No","02:19.45","1","84.2","13","12","15","--","--","--","--","--","00:02:19.4","00:02:19.4","--","--"
Indoor Rowing,2023-07-18 08:32:02,false,"Indoor Rowing","--","723","01:00:42","150","184","3.3","--","--","--","--","--","--","0.00","0.0","0.0","0","0.0","0","0","0.0","0.0","1101","0","0","0","--","0:00","80.6","0:00","No","01:00:41.100","1","87.8","30","14","40","--","--","--","--","--","00:00:00","01:00:42","--","--"
Yoga,2023-07-17 14:49:57,false,"Yoga","--","34","00:06:38.4","99","110","0.1","--","--","--","--","--","--","0.00","0.0","0.0","0","0.0","0","0","0.0","0.0","--","0","0","--","1","0:00","80.6","0:00","No","06:38.44","1","82.4","13","12","15","-6","95","89","91","95","00:06:38.4","00:06:38.4","--","--"
Strength Training,2023-07-17 14:26:13,false,"Strength","0.00","143","00:23:30","104","124","0.2","--","--","--","--","--","--","0.00","0.0","0.0","0","0.0","0","0","0.0","0.0","--","0","0","6","1","0:00","82.4","0:00","No","23:30.19","1","87.8","--","--","--","--","--","--","--","--","00:23:30","00:23:30","--","--"
Indoor Rowing,2023-07-17 08:04:59,false,"Indoor Rowing","--","1,123","01:36:08","150","183","3.3","--","--","--","--","--","--","0.00","0.0","0.0","0","0.0","0","0","0.0","0.0","2045","0","0","0","--","0:00","80.6","0:00","No","01:36:07.67","1","86.0","30","14","46","--","--","--","--","--","00:00:00","01:36:08","--","--"
Yoga,2023-07-16 11:40:38,false,"Yoga","--","3","00:02:55.9","72","80","0.0","--","--","--","--","--","--","0.00","0.0","0.0","0","0.0","0","0","0.0","0.0","--","0","0","--","1","0:00","84.2","0:00","No","02:55.94","1","86.0","15","12","17","9","33","42","33","42","00:02:55.9","00:02:55.9","--","--"
Indoor Rowing,2023-07-16 10:44:09,false,"Indoor Rowing","--","513","00:45:29","140","152","2.3","--","--","--","--","--","--","0.00","0.0","0.0","0","0.0","0","0","0.0","0.0","899","0","0","0","--","0:00","82.4","0:00","No","45:28.53","1","87.8","28","16","38","--","--","--","--","--","00:00:00","00:45:29","--","--"
Rowing,2023-07-15 09:07:08,false,"Cambridge Rowing","10,932","696","01:14:15","132","162","2.2","--","--","3:24","1:34","--","--","0.00","0.0","0.0","0","0.0","0","0","0.0","0.0","1196","0","0","0","--","0:00","89.6","0:00","No","02:19.84","22","100.4","--","--","--","--","--","--","--","--","01:04:30","01:14:15","--","--"
Yoga,2023-07-14 14:17:04,false,"Yoga","--","1","00:00:12.7","89","93","0.0","--","--","--","--","--","--","0.00","0.0","0.0","0","0.0","0","0","0.0","0.0","--","0","0","--","1","0:00","86.0","0:00","No","00:12.70","1","86.0","--","--","--","-2","86","84","85","86","00:00:12.7","00:00:12.7","--","--"
Strength Training,2023-07-14 13:46:54,false,"Strength","0.00","128","00:17:28","112","144","0.4","--","--","--","--","--","--","0.00","0.0","0.0","0","0.0","0","0","0.0","0.0","--","0","0","9","1","0:00","80.6","0:00","No","17:28.28","1","82.4","--","--","--","--","--","--","--","--","00:17:28","00:17:28","--","--"
Indoor Rowing,2023-07-14 08:43:31,false,"Indoor Rowing","--","512","00:42:19","154","193","3.1","--","--","--","--","--","--","0.00","0.0","0.0","0","0.0","0","0","0.0","0.0","708","0","0","0","--","0:00","78.8","0:00","No","42:18.60","1","86.0","31","19","48","--","--","--","--","--","00:00:00","00:42:19","--","--"
Indoor Cycling,2023-07-13 08:25:52,false,"Indoor Cycling","0.00","891","01:14:07","145","174","3.1","--","--","--","--","--","--","0.00","0.0","0.0","0","0.0","0","0","0.0","0.0","--","0","0","0","--","0:00","82.4","0:00","No","01:14:07.06","1","87.8","31","19","39","--","--","--","--","--","00:00:00","01:15:19","--","--"
Running,2023-07-12 08:23:02,false,"Stonington Running","3.88","574","00:39:08","166","182","3.1","148","165","10:05","7:56","177","175","1.08","0.0","0.0","0","0.0","0","0","0.0","0.0","--","0","0","0","--","0:00","82.4","0:00","No","08:57.68","4","89.6","34","21","42","--","--","--","--","--","00:39:04","00:45:10","28","106"
Indoor Rowing,2023-07-11 08:52:10,false,"Indoor Rowing","--","785","01:07:32","152","194","3.6","--","--","--","--","--","--","0.00","0.0","0.0","0","0.0","0","0","0.0","0.0","1105","0","0","0","--","0:00","80.6","0:00","No","01:07:32.28","1","86.0","30","14","42","--","--","--","--","--","00:00:00","01:07:32","--","--"
Yoga,2023-07-10 14:57:20,false,"Yoga","--","1","00:00:13.0","73","74","0.0","--","--","--","--","--","--","0.00","0.0","0.0","0","0.0","0","0","0.0","0.0","--","0","0","--","1","0:00","89.6","0:00","No","00:13.00","1","89.6","--","--","--","0","65","65","65","65","00:00:13.0","00:00:13.0","--","--"
Strength Training,2023-07-10 14:25:26,false,"Strength","0.00","72","00:31:35","76","101","0.0","--","--","--","--","--","--","0.00","0.0","0.0","0","0.0","0","0","0.0","0.0","--","0","0","4","1","0:00","84.2","0:00","No","31:34.52","1","89.6","--","--","--","--","--","--","--","--","00:31:35","00:31:35","--","--"
Indoor Rowing,2023-07-10 08:08:42,false,"Indoor Rowing","--","1,089","01:22:49","155","170","3.5","--","--","--","--","--","--","0.00","0.0","0.0","0","0.0","0","0","0.0","0.0","1582","0","0","0","--","0:00","80.6","0:00","No","01:22:49.30","1","86.0","31","14","41","--","--","--","--","--","00:00:00","01:24:55","--","--"
Indoor Rowing,2023-07-08 09:02:37,false,"Indoor Rowing","--","203","00:20:29","135","188","2.1","--","--","--","--","--","--","0.00","0.0","0.0","0","0.0","0","0","0.0","0.0","189","0","0","0","--","0:00","78.8","0:00","No","20:29.30","1","82.4","28","19","40","--","--","--","--","--","00:00:00","00:20:29","--","--"
Yoga,2023-07-07 09:37:58,false,"Yoga","--","--","00:07:14.0","72","72","0.0","--","--","--","--","--","--","0.00","0.0","0.0","0","0.0","0","0","0.0","0.0","--","0","0","--","1","0:00","80.6","0:00","No","07:13.100","1","80.6","12","10","15","0","20","20","20","20","00:07:14.0","00:07:14.0","--","--"
Strength Training,2023-07-07 09:10:54,false,"Strength","0.00","1","00:26:18","72","72","0.3","--","--","--","--","--","--","0.00","0.0","0.0","0","0.0","0","0","0.0","0.0","--","0","0","4","1","0:00","80.6","0:00","No","26:17.86","1","84.2","31","31","31","--","--","--","--","--","00:26:18","00:26:18","--","--"
Indoor Rowing,2023-07-07 08:14:17,false,"Indoor Rowing","--","648","00:52:02","148","165","3.0","--","--","--","--","--","--","0.00","0.0","0.0","0","0.0","0","0","0.0","0.0","965","0","0","0","--","0:00","80.6","0:00","No","52:01.57","1","86.0","29","11","39","--","--","--","--","--","00:00:00","00:52:02","--","--"
Indoor Cycling,2023-07-06 08:07:56,false,"Indoor Cycling","0.00","1,502","02:12:50","145","175","3.5","--","--","--","--","--","--","0.00","0.0","0.0","0","0.0","0","0","0.0","0.0","--","0","0","0","--","0:00","78.8","0:00","No","02:12:49.61","1","87.8","31","18","41","--","--","--","--","--","00:00:00","02:27:12","--","--"
Yoga,2023-07-05 15:58:54,false,"Yoga","--","7","00:01:42.1","90","96","0.0","--","--","--","--","--","--","0.00","0.0","0.0","0","0.0","0","0","0.0","0.0","--","0","0","--","1","0:00","82.4","0:00","No","01:42.08","1","82.4","12","12","12","23","55","78","78","86","00:01:42.1","00:01:42.1","--","--"
Strength Training,2023-07-05 15:35:20,false,"Strength","0.00","58","00:23:09","73","106","0.0","--","--","--","--","--","--","0.00","0.0","0.0","0","0.0","0","0","0.0","0.0","--","0","0","18","1","0:00","80.6","0:00","No","23:09.49","1","82.4","--","--","--","--","--","--","--","--","00:23:09","00:23:09","--","--"
Running,2023-07-05 08:16:16,false,"Stonington Running","4.00","581","00:37:52","167","180","3.0","154","166","9:27","7:37","199","181","1.10","0.0","0.0","0","0.0","0","0","0.0","0.0","--","0","0","0","--","0:00","77.0","0:00","No","00:01.27","5","87.8","35","21","43","--","--","--","--","--","00:37:44","00:48:06","32","111"
Yoga,2023-07-04 12:11:06,false,"Yoga","--","5","00:10:43","80","123","0.0","--","--","--","--","--","--","0.00","0.0","0.0","0","0.0","0","0","0.0","0.0","--","0","0","--","1","0:00","82.4","0:00","No","10:43.19","1","86.0","17","12","21","-80","98","18","76","98","00:10:43","00:10:43","--","--"
Indoor Rowing,2023-07-04 11:39:04,false,"Indoor Rowing","--","399","00:29:01","165","193","3.4","--","--","--","--","--","--","0.00","0.0","0.0","0","0.0","0","0","0.0","0.0","577","0","0","0","--","0:00","78.8","0:00","No","29:00.90","1","84.2","34","20","42","--","--","--","--","--","00:00:00","00:29:01","--","--"
Yoga,2023-07-03 15:15:24,false,"Yoga","--","10","00:02:49.3","93","102","0.0","--","--","--","--","--","--","0.00","0.0","0.0","0","0.0","0","0","0.0","0.0","--","0","0","--","1","0:00","82.4","0:00","No","02:49.26","1","82.4","11","10","13","3","81","84","85","91","00:02:49.3","00:02:49.3","--","--"
Strength Training,2023-07-03 14:56:22,false,"Strength","0.00","97","00:15:30","104","122","0.2","--","--","--","--","--","--","0.00","0.0","0.0","0","0.0","0","0","0.0","0.0","--","0","0","6","1","0:00","82.4","0:00","No","15:29.74","1","86.0","--","--","--","--","--","--","--","--","00:15:30","00:15:30","--","--"
Strength Training,2023-07-03 10:28:21,false,"Strength","0.00","58","00:06:57.8","119","145","0.3","--","--","--","--","--","--","0.00","0.0","0.0","0","0.0","0","0","0.0","0.0","--","0","0","8","1","0:00","80.6","0:00","No","06:57.81","1","82.4","21","13","26","--","--","--","--","--","00:06:57.8","00:06:57.8","--","--"
Indoor Rowing,2023-07-03 08:42:38,false,"Indoor Rowing","--","1,112","01:36:00","148","166","3.2","--","--","--","--","--","--","0.00","0.0","0.0","0","0.0","0","0","0.0","0.0","1907","0","0","0","--","0:00","80.6","0:00","No","01:36:00.11","1","84.2","27","12","38","--","--","--","--","--","00:00:00","01:42:41","--","--"
Yoga,2023-07-01 09:08:54,false,"Yoga","--","25","00:04:38.2","106","117","0.1","--","--","--","--","--","--","0.00","0.0","0.0","0","0.0","0","0","0.0","0.0","--","0","0","--","1","0:00","80.6","0:00","No","04:38.16","1","82.4","14","12","17","-2","95","93","95","97","00:04:38.2","00:04:38.2","--","--"
Running,2023-07-01 07:57:13,false,"Stonington Running","4.01","565","00:36:11","164","177","3.1","155","162","9:02","7:25","201","183","1.15","0.0","0.0","0","0.0","0","0","0.0","0.0","--","0","0","0","--","0:00","77.0","0:00","No","00:02.10","5","84.2","33","22","43","--","--","--","--","--","00:36:05","00:44:25","29","109"
Yoga,2023-06-30 11:52:59,false,"Yoga","--","2","00:00:49.0","90","94","0.0","--","--","--","--","--","--","0.00","0.0","0.0","0","0.0","0","0","0.0","0.0","--","0","0","--","1","0:00","84.2","0:00","No","00:48.97","1","84.2","12","12","15","--","--","--","--","--","00:00:49.0","00:00:49.0","--","--"
Strength Training,2023-06-30 09:46:48,false,"Strength","0.00","120","00:22:14","99","129","0.3","--","--","--","--","--","--","0.00","0.0","0.0","0","0.0","0","0","0.0","0.0","--","0","0","5","2","0:00","80.6","0:00","No","22:13.58","1","82.4","--","--","--","--","--","--","--","--","00:22:11","00:22:14","--","--"
Indoor Rowing,2023-06-30 08:19:41,false,"Indoor Rowing","--","553","00:47:29","144","164","2.7","--","--","--","--","--","--","0.00","0.0","0.0","0","0.0","0","0","0.0","0.0","957","0","0","0","--","0:00","80.6","0:00","No","47:29.05","1","84.2","28","14","36","--","--","--","--","--","00:00:00","00:47:29","--","--"
Indoor Cycling,2023-06-29 09:45:19,false,"Indoor Cycling","0.00","1,540","02:11:45","146","174","3.5","--","--","--","--","--","--","0.00","0.0","0.0","0","0.0","0","0","0.0","0.0","--","0","0","0","--","0:00","80.6","0:00","No","02:11:45.24","1","87.8","32","22","41","--","--","--","--","--","00:00:00","02:25:29","--","--"
Strength Training,2023-06-28 12:46:30,false,"Strength","0.00","126","00:32:54","87","117","0.1","--","--","--","--","--","--","0.00","0.0","0.0","0","0.0","0","0","0.0","0.0","--","0","0","4","1","0:00","80.6","0:00","No","32:54.10","1","82.4","--","--","--","--","--","--","--","--","00:32:54","00:32:54","--","--"
Running,2023-06-28 11:02:54,false,"Stonington Running","6.06","886","01:00:45","165","176","3.4","151","159","10:02","7:08","249","249","1.06","0.0","0.0","0","0.0","0","0","0.0","0.0","--","0","0","0","--","0:00","78.8","0:00","No","00:34.36","7","86.0","34","22","42","--","--","--","--","--","01:00:38","01:04:25","26","108"
Yoga,2023-06-27 09:07:41,false,"Yoga","--","--","00:02:48.8","72","72","0.0","--","--","--","--","--","--","0.00","0.0","0.0","0","0.0","0","0","0.0","0.0","--","0","0","--","1","0:00","84.2","0:00","No","02:48.75","1","86.0","14","12","15","--","--","--","--","--","00:02:48.8","00:02:48.8","--","--"
Indoor Rowing,2023-06-27 08:30:20,false,"Indoor Rowing","--","359","00:22:13","170","185","3.2","--","--","--","--","--","--","0.00","0.0","0.0","0","0.0","0","0","0.0","0.0","518","0","0","0","--","0:00","78.8","0:00","No","22:13.41","1","84.2","35","22","42","--","--","--","--","--","00:00:00","00:22:13","--","--"
Strength Training,2023-06-26 13:16:00,false,"Strength","0.00","145","00:27:29","101","116","0.4","--","--","--","--","--","--","0.00","0.0","0.0","0","0.0","0","0","0.0","0.0","--","0","0","4","1","0:00","82.4","0:00","No","27:29.36","1","87.8","--","--","--","--","--","--","--","--","00:27:29","00:27:29","--","--"
Yoga,2023-06-26 12:58:25,false,"Yoga","--","--","00:00:00.9","113","113","0.0","--","--","--","--","--","--","0.00","0.0","0.0","0","0.0","0","0","0.0","0.0","--","0","0","--","1","0:00","80.6","0:00","No","00:00.92","1","80.6","13","13","13","--","--","--","--","--","00:00:00.9","00:00:00.9","--","--"
Indoor Rowing,2023-06-26 08:52:05,false,"Indoor Rowing","--","916","01:18:11","147","172","3.4","--","--","--","--","--","--","0.00","0.0","0.0","0","0.0","0","0","0.0","0.0","1415","0","0","0","--","0:00","77.0","0:00","No","01:18:11.26","1","86.0","30","14","40","--","--","--","--","--","00:00:00","01:18:11","--","--"
Yoga,2023-06-25 14:40:48,false,"Yoga","--","--","00:00:02.0","0","0","0.0","--","--","--","--","--","--","0.00","0.0","0.0","0","0.0","0","0","0.0","0.0","--","0","0","--","1","0:00","89.6","0:00","No","00:02.03","1","89.6","--","--","--","0","42","42","42","42","00:00:02.0","00:00:02.0","--","--"
Breathwork,2023-06-25 10:50:07,false,"Test HRV","--","--","00:03:00.2","72","72","0.0","--","--","--","--","--","--","0.00","0.0","0.0","0","0.0","0","0","0.0","0.0","--","0","0","0","--","0:00","86.0","0:00","No","03:00.16","1","86.0","4","4","15","--","--","--","--","--","00:00:00","00:03:00.2","--","--"
Running,2023-06-25 08:33:39,false,"Stonington Running","3.92","580","00:40:46","162","179","3.2","149","163","10:24","7:53","189","168","1.04","0.0","0.0","0","0.0","0","0","0.0","0.0","--","0","0","0","--","0:00","77.0","0:00","No","09:30.67","4","80.6","33","22","43","--","--","--","--","--","00:40:30","00:44:29","43","130"
Indoor Rowing,2023-06-25 07:32:27,false,"Indoor Rowing","--","695","00:50:21","153","168","3.3","--","--","--","--","--","--","0.00","0.0","0.0","0","0.0","0","0","0.0","0.0","1003","0","0","0","--","0:00","78.8","0:00","No","50:21.15","1","84.2","34","13","45","--","--","--","--","--","00:00:00","00:50:21","--","--"
Indoor Cycling,2023-06-23 09:48:06,false,"Indoor Cycling","0.00","1,769","02:15:31","151","181","4.0","--","--","--","--","--","--","0.00","0.0","0.0","0","0.0","0","0","0.0","0.0","--","0","0","0","--","0:00","75.2","0:00","No","02:15:30.84","1","87.8","33","19","43","--","--","--","--","--","00:00:00","02:34:28","--","--"
Strength Training,2023-06-22 12:34:32,false,"Strength","0.00","--","00:00:02.1","0","0","0.0","--","--","--","--","--","--","0.00","0.0","0.0","0","0.0","0","0","0.0","0.0","--","0","0","--","1","0:00","80.6","0:00","No","00:02.12","1","80.6","--","--","--","--","--","--","--","--","00:00:02.1","00:00:02.1","--","--"
Running,2023-06-21 12:48:48,false,"Stonington Running","5.02","722","00:47:48","163","183","3.5","152","166","9:31","6:54","210","201","1.11","0.0","0.0","0","0.0","0","0","0.0","0.0","--","0","0","0","--","0:00","78.8","0:00","No","00:10.43","6","86.0","34","22","43","--","--","--","--","--","00:47:41","00:51:05","31","115"
Indoor Rowing,2023-06-20 12:01:07,false,"Indoor Rowing","--","577","00:36:30","171","195","3.8","--","--","--","--","--","--","0.00","0.0","0.0","0","0.0","0","0","0.0","0.0","746","0","0","0","--","0:00","78.8","0:00","No","36:29.63","1","84.2","39","20","51","--","--","--","--","--","00:00:00","00:48:14","--","--"
Indoor Rowing,2023-06-19 11:22:34,false,"Indoor Rowing","--","1,140","01:27:02","152","168","3.6","--","--","--","--","--","--","0.00","0.0","0.0","0","0.0","0","0","0.0","0.0","1752","0","0","0","--","0:00","78.8","0:00","No","01:27:01.77","1","84.2","34","17","46","--","--","--","--","--","00:00:00","01:38:35","--","--"
Multisport,2023-06-18 08:08:30,false,"Stonington Multisport","2.01","1,570","02:01:55","0","183","4.3","--","--","1.0","--","49","46","0.00","0.0","0.0","0","0.0","0","0","0.0","0.0","--","0","0","0","--","0:00","0.0","0:00","No","00:00.00","2","0.0","--","--","--","--","--","--","--","--","00:00:00","02:08:32","63","136"
Indoor Cycling,2023-06-15 07:37:50,false,"Indoor Cycling","0.00","1,238","02:07:22","133","157","3.0","--","--","--","--","--","--","0.00","0.0","0.0","0","0.0","0","0","0.0","0.0","--","0","0","0","--","0:00","69.8","0:00","No","02:07:22.29","1","78.8","--","--","--","--","--","--","--","--","00:00:00","02:20:57","--","--"
Running,2023-06-14 09:10:13,false,"Stonington Running","5.00","740","00:49:58","166","179","3.5","153","167","9:59","7:20","213","206","1.06","0.0","0.0","0","0.0","0","0","0.0","0.0","--","0","0","0","--","0:00","77.0","0:00","No","00:02.04","6","86.0","34","19","43","--","--","--","--","--","00:49:34","00:53:05","31","112"
Indoor Rowing,2023-06-13 08:30:22,false,"Indoor Rowing","--","764","00:54:23","164","193","4.5","--","--","--","--","--","--","0.00","0.0","0.0","0","0.0","0","0","0.0","0.0","1048","0","0","0","--","0:00","78.8","0:00","No","54:23.05","1","82.4","32","15","42","--","--","--","--","--","00:00:00","01:05:14","--","--"
Indoor Rowing,2023-06-12 07:16:00,false,"Indoor Rowing","--","1,195","01:29:32","157","171","4.3","--","--","--","--","--","--","0.00","0.0","0.0","0","0.0","0","0","0.0","0.0","1760","0","0","0","--","0:00","77.0","0:00","No","01:29:31.58","1","82.4","34","19","45","--","--","--","--","--","00:00:00","01:29:32","--","--"
Indoor Rowing,2023-06-10 12:01:27,false,"Indoor Rowing","--","935","01:18:34","149","178","3.5","--","--","--","--","--","--","0.00","0.0","0.0","0","0.0","0","0","0.0","0.0","94","0","0","0","--","0:00","73.4","0:00","No","01:18:33.93","1","84.2","31","18","39","--","--","--","--","--","00:00:00","01:18:34","--","--"
Multisport,2023-06-08 07:43:01,false,"Stonington Multisport","2.53","1,583","02:02:14","0","185","4.7","--","--","1.2","--","162","172","0.00","0.0","0.0","0","0.0","0","0","0.0","0.0","--","0","0","0","--","0:00","0.0","0:00","No","00:00.00","2","0.0","--","--","--","--","--","--","--","--","00:00:00","02:11:46","-289","-199"
Indoor Rowing,2023-05-28 08:34:47,false,"Indoor Rowing","--","628","01:14:42","136","196","3.1","--","--","--","--","--","--","0.00","0.0","0.0","0","0.0","0","0","0.0","0.0","936","0","0","0","--","0:00","80.6","0:00","No","01:14:42.48","1","84.2","27","13","43","--","--","--","--","--","00:00:00","01:14:42","--","--"
Indoor Rowing,2023-05-24 08:18:22,false,"Indoor Rowing","--","533","01:11:51","127","184","2.4","--","--","--","--","--","--","0.00","0.0","0.0","0","0.0","0","0","0.0","0.0","1185","0","0","0","--","0:00","71.6","0:00","No","01:11:50.73","1","80.6","24","13","42","--","--","--","--","--","00:00:00","01:11:51","--","--"
Indoor Rowing,2023-05-23 08:11:15,false,"Indoor Rowing","--","531","01:09:24","128","193","2.9","--","--","--","--","--","--","0.00","0.0","0.0","0","0.0","0","0","0.0","0.0","1123","0","0","0","--","0:00","71.6","0:00","No","01:09:23.69","1","78.8","24","14","38","--","--","--","--","--","00:00:00","01:09:24","--","--"
Indoor Rowing,2023-05-18 07:34:03,false,"Indoor Rowing","--","1,057","02:13:23","132","189","3.5","--","--","--","--","--","--","0.00","0.0","0.0","0","0.0","0","0","0.0","0.0","1984","0","0","0","--","0:00","62.6","0:00","No","02:13:22.76","1","77.0","25","12","45","--","--","--","--","--","00:00:00","02:13:23","--","--"
Indoor Rowing,2023-05-16 15:00:01,false,"Indoor Rowing","--","551","01:18:07","118","163","1.7","--","--","--","--","--","--","0.00","0.0","0.0","0","0.0","0","0","0.0","0.0","743","0","0","0","--","0:00","82.4","0:00","No","01:18:07.40","1","93.2","22","11","37","--","--","--","--","--","00:00:00","01:18:07","--","--"
Indoor Rowing,2023-05-16 08:42:39,false,"Indoor Rowing","--","655","01:04:07","137","171","2.6","--","--","--","--","--","--","0.00","0.0","0.0","0","0.0","0","0","0.0","0.0","1139","0","0","0","--","0:00","71.6","0:00","No","01:04:06.58","1","80.6","26","12","41","--","--","--","--","--","00:00:00","01:04:07","--","--"
Indoor Rowing,2023-05-09 06:32:34,false,"Indoor Rowing","--","676","01:16:48","132","163","2.2","--","--","--","--","--","--","0.00","0.0","0.0","0","0.0","0","0","0.0","0.0","1221","0","0","0","--","0:00","57.2","0:00","No","01:16:47.90","1","66.2","23","14","40","--","--","--","--","--","00:00:00","01:16:48","--","--"
Indoor Rowing,2023-05-07 08:51:24,false,"Indoor Rowing","--","644","01:32:00","123","190","2.2","--","--","--","--","--","--","0.00","0.0","0.0","0","0.0","0","0","0.0","0.0","1163","0","0","0","--","0:00","75.2","0:00","No","01:32:00.05","1","89.6","24","13","44","--","--","--","--","--","00:00:00","01:32:00","--","--"
Indoor Rowing,2023-05-06 08:16:14,false,"Indoor Rowing","--","733","01:34:42","131","187","2.5","--","--","--","--","--","--","0.00","0.0","0.0","0","0.0","0","0","0.0","0.0","1268","0","0","0","--","0:00","71.6","0:00","No","01:34:42.09","1","80.6","25","13","42","--","--","--","--","--","00:00:00","01:34:42","--","--"
Indoor Rowing,2023-05-05 16:28:05,false,"Indoor Rowing","--","712","01:40:15","116","159","2.2","--","--","--","--","--","--","0.00","0.0","0.0","0","0.0","0","0","0.0","0.0","1189","0","0","0","--","0:00","62.6","0:00","No","01:40:14.94","1","78.8","23","11","36","--","--","--","--","--","00:00:00","01:40:15","--","--"
Indoor Rowing,2023-05-04 07:26:04,false,"Indoor Rowing","--","680","01:56:43","110","177","2.0","--","--","--","--","--","--","0.00","0.0","0.0","0","0.0","0","0","0.0","0.0","1414","0","0","0","--","0:00","64.4","0:00","No","01:56:43.12","1","71.6","22","11","38","--","--","--","--","--","00:00:00","01:56:43","--","--"
Indoor Rowing,2023-05-03 06:54:12,false,"Indoor Rowing","--","792","01:28:17","138","193","3.2","--","--","--","--","--","--","0.00","0.0","0.0","0","0.0","0","0","0.0","0.0","1498","0","0","0","--","0:00","59.0","0:00","No","01:28:17.31","1","73.4","27","13","43","--","--","--","--","--","00:00:00","01:28:17","--","--"
Indoor Rowing,2023-05-02 07:01:42,false,"Indoor Rowing","--","664","01:36:48","116","153","1.7","--","--","--","--","--","--","0.00","0.0","0.0","0","0.0","0","0","0.0","0.0","1187","0","0","0","--","0:00","57.2","0:00","No","01:36:47.93","1","66.2","22","12","42","--","--","--","--","--","00:00:00","01:36:48","--","--"
Indoor Rowing,2023-04-28 16:46:32,false,"Indoor Rowing","--","197","00:24:12","118","177","1.6","--","--","--","--","--","--","0.00","0.0","0.0","0","0.0","0","0","0.0","0.0","192","0","0","0","--","0:00","71.6","0:00","No","24:11.85","1","78.8","22","14","35","--","--","--","--","--","00:00:00","00:24:12","--","--"
Indoor Rowing,2023-04-27 08:19:52,false,"Indoor Rowing","--","168","00:17:53","139","188","2.1","--","--","--","--","--","--","0.00","0.0","0.0","0","0.0","0","0","0.0","0.0","157","0","0","0","--","0:00","66.2","0:00","No","17:52.96","1","75.2","30","19","40","--","--","--","--","--","00:00:00","00:17:53","--","--"
Indoor Rowing,2023-04-27 06:45:13,false,"Indoor Rowing","--","596","01:24:09","116","163","2.0","--","--","--","--","--","--","0.00","0.0","0.0","0","0.0","0","0","0.0","0.0","1122","0","0","0","--","0:00","55.4","0:00","No","01:24:08.79","1","69.8","23","13","41","--","--","--","--","--","00:00:00","01:24:09","--","--"
Indoor Rowing,2023-04-26 06:51:32,false,"Indoor Rowing","--","681","01:38:12","119","186","2.2","--","--","--","--","--","--","0.00","0.0","0.0","0","0.0","0","0","0.0","0.0","1179","0","0","0","--","0:00","60.8","0:00","No","01:38:11.85","1","68.0","24","12","44","--","--","--","--","--","00:00:00","01:38:12","--","--"
Indoor Rowing,2023-04-25 06:57:51,false,"Indoor Rowing","--","744","01:46:55","116","174","2.0","--","--","--","--","--","--","0.00","0.0","0.0","0","0.0","0","0","0.0","0.0","1247","0","0","0","--","0:00","57.2","0:00","No","01:46:55.20","1","73.4","23","12","36","--","--","--","--","--","00:00:00","01:46:55","--","--"
Indoor Rowing,2023-04-23 08:48:12,false,"Indoor Rowing","--","850","01:53:02","125","186","2.5","--","--","--","--","--","--","0.00","0.0","0.0","0","0.0","0","0","0.0","0.0","1692","0","0","0","--","0:00","57.2","0:00","No","01:53:01.81","1","71.6","25","12","44","--","--","--","--","--","00:00:00","02:02:31","--","--"
Indoor Rowing,2023-04-22 09:16:13,false,"Indoor Rowing","--","505","00:49:48","138","175","2.2","--","--","--","--","--","--","0.00","0.0","0.0","0","0.0","0","0","0.0","0.0","803","0","0","0","--","0:00","57.2","0:00","No","49:48.37","1","68.0","24","15","38","--","--","--","--","--","00:00:00","00:49:48","--","--"
Indoor Rowing,2023-04-22 07:50:32,false,"Indoor Rowing","--","345","00:25:23","159","199","2.8","--","--","--","--","--","--","0.00","0.0","0.0","0","0.0","0","0","0.0","0.0","314","0","0","0","--","0:00","77.0","0:00","No","25:22.70","1","78.8","32","23","43","--","--","--","--","--","00:00:00","00:25:23","--","--"
Indoor Rowing,2023-04-21 16:27:47,false,"Indoor Rowing","--","519","00:54:28","128","156","2.1","--","--","--","--","--","--","0.00","0.0","0.0","0","0.0","0","0","0.0","0.0","858","0","0","0","--","0:00","57.2","0:00","No","54:28.29","1","75.2","27","14","38","--","--","--","--","--","00:00:00","00:54:28","--","--"
Indoor Rowing,2023-04-20 06:51:17,false,"Indoor Rowing","--","818","01:54:41","119","185","2.6","--","--","--","--","--","--","0.00","0.0","0.0","0","0.0","0","0","0.0","0.0","1745","0","0","0","--","0:00","55.4","0:00","No","01:54:40.75","1","71.6","24","12","39","--","--","--","--","--","00:00:00","01:54:41","--","--"
Indoor Rowing,2023-04-19 14:56:27,false,"Indoor Rowing","--","669","01:06:29","136","152","2.3","--","--","--","--","--","--","0.00","0.0","0.0","0","0.0","0","0","0.0","0.0","1307","0","0","0","--","0:00","82.4","0:00","No","01:06:29.25","1","86.0","--","--","--","--","--","--","--","--","00:00:00","01:10:27","--","--"
Indoor Rowing,2023-04-19 06:55:10,false,"Indoor Rowing","--","852","01:40:54","130","181","3.0","--","--","--","--","--","--","0.00","0.0","0.0","0","0.0","0","0","0.0","0.0","1771","0","0","0","--","0:00","55.4","0:00","No","01:40:54.10","1","68.0","25","15","53","--","--","--","--","--","00:00:00","01:40:54","--","--"
Indoor Rowing,2023-04-18 14:18:05,false,"Indoor Rowing","--","927","01:06:57","155","174","3.4","--","--","--","--","--","--","0.00","0.0","0.0","0","0.0","0","0","0.0","0.0","1287","0","0","0","--","0:00","77.0","0:00","No","01:06:56.74","1","82.4","33","19","42","--","--","--","--","--","00:00:00","01:06:57","--","--"
Indoor Rowing,2023-04-18 07:14:02,false,"Indoor Rowing","--","906","01:26:15","141","172","3.1","--","--","--","--","--","--","0.00","0.0","0.0","0","0.0","0","0","0.0","0.0","1442","0","0","0","--","0:00","60.8","0:00","No","01:26:15.29","1","68.0","24","12","36","--","--","--","--","--","00:00:00","01:26:15","--","--"
